5 Seconds Of Summer|Jet Black Heart (Karaoke Version)|FNCc9ppGgcg|5 Seconds Of Summer - Jet Black Heart (Karaoke Version)-FNCc9ppGgcg.mkv
A Great Big World, Christina Aguilera|Say Something (Karaoke Version, No Backing Vocals)|DhQ46uh2vBU|A Great Big World, Christina Aguilera - Say Something (Karaoke Version, No Backing Vocals)-DhQ46uh2vBU.mkv
Adam Lambert ft. Laleh|Welcome To The Show (Karaoke Version)|62dT3H0TcEQ|Adam Lambert ft. Laleh - Welcome To The Show (Karaoke Version)-62dT3H0TcEQ.mkv
Aerosmith|I Don't Want To Miss A Thing (Karaoke Version)|s9Qc54Jp-6M|Aerosmith - I Don't Want To Miss A Thing (Karaoke Version)-s9Qc54Jp-6M.mkv
Alan Walker|Faded (Karaoke Version)|xf5rgfur4gw|Alan Walker - Faded (Karaoke Version)-xf5rgfur4gw.mkv
Alessia Cara|How Far I'll Go (Karaoke Version)|z3QKTOUC6H8|Alessia Cara - How Far I'll Go (Karaoke Version)-z3QKTOUC6H8.webm
Alessia Cara|Wild Things (Karaoke Version)|W-TlyOS38gs|Alessia Cara - Wild Things (Karaoke Version)-W-TlyOS38gs.mkv
Alex & Sierra|Little Do You Know (Karaoke Version)|rjTczwg8rxc|Alex & Sierra - Little Do You Know (Karaoke Version)-rjTczwg8rxc.mkv
Alicia Keys|If I Ain't Got You (Karaoke Version)|M5Q0eiMzup0|Alicia Keys - If I Ain't Got You (Karaoke Version)-M5Q0eiMzup0.mkv
All Time Low|Time|Bomb (Karaoke Version)-LWWpBTaLBf8|All Time Low - Time-Bomb (Karaoke Version)-LWWpBTaLBf8.mkv
Aminé|Caroline (Karaoke Version)|aLA0hnx2UU8|Aminé - Caroline (Karaoke Version)-aLA0hnx2UU8.mkv
Amy Winehouse|Rehab (Karaoke Version)|A91bREinVm8|Amy Winehouse - Rehab (Karaoke Version)-A91bREinVm8.mp4
Anders Lystell|Faster Car (Karaoke Version)|wPPLQpRu7nA|Anders Lystell - Faster Car (Karaoke Version)-wPPLQpRu7nA.webm
Andra Day|Rise Up (Karaoke Version)|J_E1mLcgYq4|Andra Day - Rise Up (Karaoke Version)-J_E1mLcgYq4.mkv
Andy Grammer|Back Home (Karaoke Version)|pmmakNMzJ7Y|Andy Grammer - Back Home (Karaoke Version)-pmmakNMzJ7Y.webm
Andy Grammer|Fresh Eyes (Karaoke Version)|gGOiwfXuw2M|Andy Grammer - Fresh Eyes (Karaoke Version)-gGOiwfXuw2M.webm
Andy Williams|It's The Most Wonderful Time Of The Year (Karaoke Version)|dD3I4k0gA2M|Andy Williams - It's The Most Wonderful Time Of The Year (Karaoke Version)-dD3I4k0gA2M.mkv
Anna Clendening|To My Parents (Karaoke Version)|Cr08cm7sHyM|Anna Clendening - To My Parents (Karaoke Version)-Cr08cm7sHyM.mkv
Anna Kendrick|Cups (Pitch Perfect's 'When I'm Gone) (Karaoke Version)|mNL7iE-CxXA|Anna Kendrick - Cups (Pitch Perfect's 'When I'm Gone) (Karaoke Version)-mNL7iE-CxXA.mkv
Ariana Grande|Be Alright (Karaoke Version)|tdvAUAHlE-4|Ariana Grande - Be Alright (Karaoke Version)-tdvAUAHlE-4.mkv
Ariana Grande|Dangerous Woman (Karaoke Version)|jppqAygqVTc|Ariana Grande - Dangerous Woman (Karaoke Version)-jppqAygqVTc.mkv
Ariana Grande|Greedy (Karaoke Version)|K7lc7NrJ-3g|Ariana Grande - Greedy (Karaoke Version)-K7lc7NrJ-3g.webm
Ariana Grande|Into You (Karaoke Version)|I5KLeZM_O2Y|Ariana Grande - Into You (Karaoke Version)-I5KLeZM_O2Y.mkv
Ariana Grande|Snow In California (Karaoke Version)|9_XR3VFabtY|Ariana Grande - Snow In California (Karaoke Version)-9_XR3VFabtY.mkv
Ariana Grande ft. Lil Wayne|Let Me Love You (Karaoke Version)|QDgmAFpOUIg|Ariana Grande ft. Lil Wayne - Let Me Love You (Karaoke Version)-QDgmAFpOUIg.mkv
Ariana Grande ft. Nicki Minaj|Side To Side (Karaoke Version)|GlkwnJTIrcI|Ariana Grande ft. Nicki Minaj - Side To Side (Karaoke Version)-GlkwnJTIrcI.webm
Auburn|The Perfect Two (Karaoke Version)|Qnw4FAxd3fc|Auburn - The Perfect Two (Karaoke Version)-Qnw4FAxd3fc.mkv
Aurora|Half The World Away (Karaoke Version)|yCRPlMr9v2c|Aurora - Half The World Away (Karaoke Version)-yCRPlMr9v2c.mkv
Avril Lavigne|Complicated (Karaoke Version)|NfoagwBYwX0|Avril Lavigne - Complicated (Karaoke Version)-NfoagwBYwX0.mkv
Avril Lavigne|Girlfriend (Karaoke Version)|sWDG2vZxv4Q|Avril Lavigne - Girlfriend (Karaoke Version)-sWDG2vZxv4Q.mkv
Avril Lavigne|Hello Kitty (Karaoke Version)|ICo60XMe3fs|Avril Lavigne - Hello Kitty (Karaoke Version)-ICo60XMe3fs.mkv
B.o.B ft. Hayley Williams|Airplanes (Karaoke Version)|5nziYy_f6Xo|B.o.B ft. Hayley Williams - Airplanes (Karaoke Version)-5nziYy_f6Xo.mkv
Backstreet Boys|I Want It That Way (Karaoke Version)|NxilU56kPu0|Backstreet Boys - I Want It That Way (Karaoke Version)-NxilU56kPu0.mkv
Barenaked Ladies|One Week (Karaoke Version)|eZOhZFFpdU4|Barenaked Ladies - One Week (Karaoke Version)-eZOhZFFpdU4.webm
Bars and Melody|Shining Star (Karaoke Version)|jJ2Wc6oWb2A|Bars and Melody - Shining Star (Karaoke Version)-jJ2Wc6oWb2A.mkv
Bea Miller|Dracula (Karaoke Version)|JYhavU3IhfQ|Bea Miller - Dracula (Karaoke Version)-JYhavU3IhfQ.webm
Bebe Rexha|I Got You (Karaoke Version)|T_gk8kaI45s|Bebe Rexha - I Got You (Karaoke Version)-T_gk8kaI45s.webm
Bebe Rexha|I'm Gonna Show You Crazy (Karaoke Version)|YZUCpWQO2-Y|Bebe Rexha - I'm Gonna Show You Crazy (Karaoke Version)-YZUCpWQO2-Y.mkv
Bebe Rexha ft. Nicki Minaj|No Broken Hearts (Karaoke Version)|FXYEuxna-SI|Bebe Rexha ft. Nicki Minaj - No Broken Hearts (Karaoke Version)-FXYEuxna-SI.mkv
Becky G|Sola (Karaoke Version)|j2M23mNY-aI|Becky G - Sola (Karaoke Version)-j2M23mNY-aI.webm
Bee Gees|How Deep Is Your Love (Karaoke Version)|6wTHUVEvtd0|Bee Gees - How Deep Is Your Love (Karaoke Version)-6wTHUVEvtd0.mkv
Beyonce ft. JAY Z|Crazy In Love (Karaoke Version)|X0Ao6oVhiKU|Beyonce ft. JAY Z - Crazy In Love (Karaoke Version)-X0Ao6oVhiKU.mp4
Beyoncé|Formation (Karaoke Version)|eFfmE37xLX0|Beyoncé - Formation (Karaoke Version)-eFfmE37xLX0.mkv
Beyoncé|Listen (Karaoke Version)|nUTqLi7UtLQ|Beyoncé - Listen (Karaoke Version)-nUTqLi7UtLQ.mkv
Beyoncé|Sorry (Karaoke Version)|3tANSV2LglQ|Beyoncé - Sorry (Karaoke Version)-3tANSV2LglQ.webm
Biffy Clyro|Many Of Horror (Karaoke Version)|T72PR04Nb0s|Biffy Clyro - Many Of Horror (Karaoke Version)-T72PR04Nb0s.mkv
Bill Medley, Jennifer Warnes|(I've Had) The Time Of My Life (Karaoke Version)|8wBiWyYpaLc|Bill Medley, Jennifer Warnes - (I've Had) The Time Of My Life (Karaoke Version)-8wBiWyYpaLc.mkv
Bing Crosby|White Christmas (Karaoke Version)|usgzxS7OfaM|Bing Crosby - White Christmas (Karaoke Version)-usgzxS7OfaM.mkv
Birdy|Not About Angels (Karaoke Version)|ltMOo1u_-bI|Birdy - Not About Angels (Karaoke Version)-ltMOo1u_-bI.mkv
Bobby 'Boris' Pickett|Monster Mash (Karaoke Version)|49xF5YVFQ8U|Bobby 'Boris' Pickett - Monster Mash (Karaoke Version)-49xF5YVFQ8U.mkv
Boyz II Men|End Of The Road (Karaoke Version)|rjPg9JqTxkY|Boyz II Men - End Of The Road (Karaoke Version)-rjPg9JqTxkY.mkv
Bridgit Mendler feat. Kaiydo|Atlantis (Karaoke Version)|gWpaZ5qlNlo|Bridgit Mendler feat. Kaiydo - Atlantis (Karaoke Version)-gWpaZ5qlNlo.webm
Britney Spears|...Baby One More Time (Karaoke Version)|PYpU2TxIzAM|Britney Spears - ...Baby One More Time (Karaoke Version)-PYpU2TxIzAM.mkv
Britney Spears|Everytime (Karaoke Version)|2EaDDg5tVUg|Britney Spears - Everytime (Karaoke Version)-2EaDDg5tVUg.mkv
Britney Spears ft. Tinashe|Slumber Party (Karaoke Version)|Kg8UVTUzZL4|Britney Spears ft. Tinashe - Slumber Party (Karaoke Version)-Kg8UVTUzZL4.mkv
Bruno Mars|24K Magic (Karaoke Version)|ijGc3p3Cc5c|Bruno Mars - 24K Magic (Karaoke Version)-ijGc3p3Cc5c.webm
Bruno Mars|Gorilla (Karaoke Version)|pCB8OcwsmtI|Bruno Mars - Gorilla (Karaoke Version)-pCB8OcwsmtI.webm
Bruno Mars|Versace On The Floor (Karaoke Version)|f52r3uZpu3A|Bruno Mars - Versace On The Floor (Karaoke Version)-f52r3uZpu3A.webm
Bryan Adams|(Everything I Do) I Do It For You (Karaoke Version)|ib17VHEYfSw|Bryan Adams - (Everything I Do) I Do It For You (Karaoke Version)-ib17VHEYfSw.mkv
Bryson Tiller|Don't (Karaoke Version)|cSPGlDnzUYE|Bryson Tiller - Don't (Karaoke Version)-cSPGlDnzUYE.mkv
CHVRCHES|The Mother We Share (Karaoke Version)|sJNtB1jRQog|CHVRCHES - The Mother We Share (Karaoke Version)-sJNtB1jRQog.mkv
Calum Scott|Dancing On My Own (Karaoke Version)|DvEXv4Shx7s|Calum Scott - Dancing On My Own (Karaoke Version)-DvEXv4Shx7s.webm
Carly Rae Jepsen|Last Christmas (Karaoke Version)|aQURjOPL4Xg|Carly Rae Jepsen - Last Christmas (Karaoke Version)-aQURjOPL4Xg.mkv
Celine Dion|My Heart Will Go On (Karaoke Version)|cdgU8YmD3Kc|Celine Dion - My Heart Will Go On (Karaoke Version)-cdgU8YmD3Kc.mkv
Charlie Puth|I Won't Tell A Soul (Karaoke Version)|KAlO0CHZkAo|Charlie Puth - I Won't Tell A Soul (Karaoke Version)-KAlO0CHZkAo.mkv
Charlie Puth ft. Selena Gomez|We Don't Talk Anymore (Karaoke Version)|IUmIIBeYr1I|Charlie Puth ft. Selena Gomez - We Don't Talk Anymore (Karaoke Version)-IUmIIBeYr1I.mkv
Christina Aguilera|Beautiful (Karaoke Version)|bkkkbniDtHA|Christina Aguilera - Beautiful (Karaoke Version)-bkkkbniDtHA.mkv
Christine and the Queens|Tilted (Karaoke Version)|7IaPvlHvVqI|Christine and the Queens - Tilted (Karaoke Version)-7IaPvlHvVqI.mkv
Coldplay|Adventure Of A Lifetime (Karaoke Version)|svN1O_9vYVs|Coldplay - Adventure Of A Lifetime (Karaoke Version)-svN1O_9vYVs.mp4
Cyndi Lauper|Time After Time (Karaoke Version)|zmrme4ulxIY|Cyndi Lauper - Time After Time (Karaoke Version)-zmrme4ulxIY.mkv
D.R.A.M. feat. Lil Yachty|Broccoli (Karaoke Version)|11TlwFxNO2M|D.R.A.M. feat. Lil Yachty - Broccoli (Karaoke Version)-11TlwFxNO2M.webm
DJ Khaled ft. Drake|For Free (Karaoke Version)|vIIIxiFzpSU|DJ Khaled ft. Drake - For Free (Karaoke Version)-vIIIxiFzpSU.mkv
DJ Snake ft. Bipolar Sunshine|Middle (Karaoke Version)|fuhYxD5knq0|DJ Snake ft. Bipolar Sunshine - Middle (Karaoke Version)-fuhYxD5knq0.mkv
DJ Snake ft. Justin Bieber|Let Me Love You (Karaoke Version)|VP5ODDPUpcE|DJ Snake ft. Justin Bieber - Let Me Love You (Karaoke Version)-VP5ODDPUpcE.mkv
DNCE|Body Moves (Karaoke Version)|UjDsK6VFBmc|DNCE - Body Moves (Karaoke Version)-UjDsK6VFBmc.webm
DNCE|Cake By The Ocean (Karaoke Version)|dWm4HGEf2u0|DNCE - Cake By The Ocean (Karaoke Version)-dWm4HGEf2u0.mkv
DNCE|Toothbrush (Karaoke Version)|clevuVa40Vs|DNCE - Toothbrush (Karaoke Version)-clevuVa40Vs.webm
Damien McGinty|Irish Christmas (Karaoke Version)|I_MBvypBfAI|Damien McGinty - Irish Christmas (Karaoke Version)-I_MBvypBfAI.mkv
Dawin|Dessert (Karaoke Version)|dURIFYoCmLw|Dawin - Dessert (Karaoke Version)-dURIFYoCmLw.mkv
Daya|Sit Still, Look Pretty (Karaoke Version)|wXvtiVypqu0|Daya - Sit Still, Look Pretty (Karaoke Version)-wXvtiVypqu0.mkv
Dean Martin|Let It Snow (Karaoke Version)|wsB1_UGiVoU|Dean Martin - Let It Snow (Karaoke Version)-wsB1_UGiVoU.mkv
Demi Lovato|Let It Go (Karaoke Version)|1enflc905ME|Demi Lovato - Let It Go (Karaoke Version)-1enflc905ME.mkv
Demi Lovato|Stone Cold (Karaoke Version)|yFOxf2Y0H1g|Demi Lovato - Stone Cold (Karaoke Version)-yFOxf2Y0H1g.mp4
Demi Lovato|Without The Love (Karaoke Version)|t0mMztpGBO0|Demi Lovato - Without The Love (Karaoke Version)-t0mMztpGBO0.mkv
Demi Lovato ft. Sirah|Waitin For You (Karaoke Version)|MYeP6CTaeMM|Demi Lovato ft. Sirah - Waitin For You (Karaoke Version)-MYeP6CTaeMM.webm
Descendants|Did I Mention (Karaoke Version)|0_p8p17vDJ0|Descendants - Did I Mention (Karaoke Version)-0_p8p17vDJ0.webm
Desiigner|Panda (Karaoke Version)|Wg_-u5cjI4s|Desiigner - Panda (Karaoke Version)-Wg_-u5cjI4s.webm
Destiny's Child|Rudolph The Red|Nosed Reindeer (Karaoke Version)-HEF4KjGTHLQ|Destiny's Child - Rudolph The Red-Nosed Reindeer (Karaoke Version)-HEF4KjGTHLQ.mkv
Disclosure ft. Lorde|Magnets (Karaoke Version)|ejYXswDqghM|Disclosure ft. Lorde - Magnets (Karaoke Version)-ejYXswDqghM.mkv
Disney Descendants|Set It Off (Karaoke Version)|Ct9fhfcg5UA|Disney Descendants - Set It Off (Karaoke Version)-Ct9fhfcg5UA.mkv
Dove Cameron|Better In Stereo (Karaoke Version)|Hq9ea4O6ODM|Dove Cameron - Better In Stereo (Karaoke Version)-Hq9ea4O6ODM.mkv
Dove Cameron|Genie In A Bottle (Karaoke Version)|ufWLRZ-r4xY|Dove Cameron - Genie In A Bottle (Karaoke Version)-ufWLRZ-r4xY.mkv
Drake ft. Wizkid & Kyla|One Dance (Karaoke Version)|HoKBVMIi2IY|Drake ft. Wizkid & Kyla - One Dance (Karaoke Version)-HoKBVMIi2IY.mkv
Eartha Kitt|Santa Baby (Karaoke Version)|VIgsBLfcnZQ|Eartha Kitt - Santa Baby (Karaoke Version)-VIgsBLfcnZQ.mkv
East 17|Stay Another Day (Karaoke Version)|LnsPMGGcCPk|East 17 - Stay Another Day (Karaoke Version)-LnsPMGGcCPk.mkv
Ed Sheeran|One (Karaoke Version)|PNkvcuj7m2E|Ed Sheeran - One (Karaoke Version)-PNkvcuj7m2E.mkv
Ellie Goulding|Army (Karaoke Version)|PFz-skg72zc|Ellie Goulding - Army (Karaoke Version)-PFz-skg72zc.mkv
Ellie Goulding|Still Falling For You (Karaoke Version)|vIZTzbxUkG0|Ellie Goulding - Still Falling For You (Karaoke Version)-vIZTzbxUkG0.webm
Elton John|Your Song (Karaoke Version)|8MmumTAbaNw|Elton John - Your Song (Karaoke Version)-8MmumTAbaNw.mkv
Elvis Presley|Can't Help Falling In Love (Karaoke Version)|gd4mB-zUcO8|Elvis Presley - Can't Help Falling In Love (Karaoke Version)-gd4mB-zUcO8.mkv
Empire Cast|Conqueror ft. Estelle and Jussie Smollett (Karaoke Version)|9b-6gEkpr5Q|Empire Cast - Conqueror ft. Estelle and Jussie Smollett (Karaoke Version)-9b-6gEkpr5Q.mkv
Fall Out Boy ft. Demi Lovato|Irresistible (Karaoke Version)|r2U4YL-f91c|Fall Out Boy ft. Demi Lovato - Irresistible (Karaoke Version)-r2U4YL-f91c.mkv
Fergie|M.I.L.F. $ (Karaoke Version)|-HOxirqXn_A|Fergie - M.I.L.F. $ (Karaoke Version)--HOxirqXn_A.mkv
Fetty Wap|Again (Karaoke Version)|Xf01s-uyIU4|Fetty Wap - Again (Karaoke Version)-Xf01s-uyIU4.mkv
Fifth Harmony|Me & My Girls (Karaoke Version)|Y9mv-kwerSA|Fifth Harmony - Me & My Girls (Karaoke Version)-Y9mv-kwerSA.mkv
Fifth Harmony ft. Ty Dolla Sign|Work From Home (Karaoke Version)|CL4iT3AXbiQ|Fifth Harmony ft. Ty Dolla Sign - Work From Home (Karaoke Version)-CL4iT3AXbiQ.mkv
Fleetwood Mac|Everywhere (Karaoke Version)|A0lUjkzeq5o|Fleetwood Mac - Everywhere (Karaoke Version)-A0lUjkzeq5o.mkv
Fleur East|Sax (Karaoke Version)|qQ1fO2NwLt8|Fleur East - Sax (Karaoke Version)-qQ1fO2NwLt8.mkv
Flo Rida|My House (Karaoke Version)|Bdu9nAVsd6I|Flo Rida - My House (Karaoke Version)-Bdu9nAVsd6I.mkv
Florida Georgia Line|H.O.L.Y. (Karaoke Version)|IdPO76f4kmI|Florida Georgia Line - H.O.L.Y. (Karaoke Version)-IdPO76f4kmI.webm
Flume ft. Kai|Never Be Like You (Karaoke Version)|ZURU1Wu-cWc|Flume ft. Kai - Never Be Like You (Karaoke Version)-ZURU1Wu-cWc.mkv
Fountains Of Wayne|Stacy's Mom (Karaoke Version)|ddi4V-MS6GA|Fountains Of Wayne - Stacy's Mom (Karaoke Version)-ddi4V-MS6GA.mkv
Frankie Goes To Hollywood|The Power Of Love (Karaoke Version)|UA_JT3dg6zY|Frankie Goes To Hollywood - The Power Of Love (Karaoke Version)-UA_JT3dg6zY.mkv
G-Eazy x Bebe Rexha|Me, Myself & I (Karaoke Version)|xXbk3InFCxY|G-Eazy x Bebe Rexha - Me, Myself & I (Karaoke Version)-xXbk3InFCxY.mkv
Galantis & Hook N Sling|Love On Me (Karaoke Version)|wWKpushhiV0|Galantis & Hook N Sling - Love On Me (Karaoke Version)-wWKpushhiV0.webm
Galantis|Runaway (U & I) (Karaoke Version)|yTXNX8TGWxI|Galantis - Runaway (U & I) (Karaoke Version)-yTXNX8TGWxI.webm
George Michael|Careless Whisper (Karaoke Version)|1TIeDbnzp9M|George Michael - Careless Whisper (Karaoke Version)-1TIeDbnzp9M.mkv
Gnash|I Hate U I Love U (feat. Olivia O'Brien) (Karaoke Version)|_Bti9H8Y24U|Gnash - I Hate U I Love U (feat. Olivia O'Brien) (Karaoke Version)-_Bti9H8Y24U.mkv
Gnash|ilusm (Karaoke Version)|8ERc0SA8ZBg|Gnash - ilusm (Karaoke Version)-8ERc0SA8ZBg.webm
Grace VanderWaal|I Don't Know My Name (Karaoke Version)|dlNbMMkldi0|Grace VanderWaal - I Don't Know My Name (Karaoke Version)-dlNbMMkldi0.mkv
Grace ft. G-Eazy|You Don't Own Me (from Suicide Squad) (Karaoke Version)|-NRcXi3h25s|Grace ft. G-Eazy - You Don't Own Me (from Suicide Squad) (Karaoke Version)--NRcXi3h25s.mkv
Green Day|Bang Bang (Karaoke Version)|eYg8CLABiQo|Green Day - Bang Bang (Karaoke Version)-eYg8CLABiQo.mkv
Green Day|Basket Case (Karaoke Version)|UntbNt8rK4w|Green Day - Basket Case (Karaoke Version)-UntbNt8rK4w.webm
Green Day|Boulevard Of Broken Dreams (Karaoke Version)|r8BdFXaYE8s|Green Day - Boulevard Of Broken Dreams (Karaoke Version)-r8BdFXaYE8s.mkv
Green Day|Good Riddance (Time Of Your Life) (Karaoke Version)|xy9r0vhOVpk|Green Day - Good Riddance (Time Of Your Life) (Karaoke Version)-xy9r0vhOVpk.webm
Green Day|Holiday (Karaoke Version)|azA7YCqiiZU|Green Day - Holiday (Karaoke Version)-azA7YCqiiZU.webm
Green Day|Wake Me Up When September Ends (Karaoke Version)|PE9rE3E-fGo|Green Day - Wake Me Up When September Ends (Karaoke Version)-PE9rE3E-fGo.mkv
HELLO CHRISTMAS|Christmas Without You (Official Music Video)|6cGnHyOxPzg|HELLO CHRISTMAS -  Christmas Without You (Official Music Video)-6cGnHyOxPzg.mkv
Hailee Steinfeld & Grey ft. ZEDD|STARVING (Karaoke Version)|ew8wshsJGCQ|Hailee Steinfeld & Grey ft. ZEDD - STARVING (Karaoke Version)-ew8wshsJGCQ.webm
Hailee Steinfeld|You're Such A (Karaoke Version)|OmtagUirS1c|Hailee Steinfeld - You're Such A (Karaoke Version)-OmtagUirS1c.mkv
Hailee Steinfeld ft. DNCE|Rock Bottom (Karaoke Version)|RRTUHx95HEg|Hailee Steinfeld ft. DNCE - Rock Bottom (Karaoke Version)-RRTUHx95HEg.webm
Halsey|Colors (Karaoke Version)|pYlFRLTwC8w|Halsey - Colors (Karaoke Version)-pYlFRLTwC8w.mkv
Halsey|Control (Karaoke Version)|c3LmNdgNFy8|Halsey - Control (Karaoke Version)-c3LmNdgNFy8.mkv
Halsey|New Americana (Karaoke Version)|EtD7zSgSeWQ|Halsey - New Americana (Karaoke Version)-EtD7zSgSeWQ.mkv
Hello Christmas|Christmas Without You (Official Karaoke Version)|RRRvT5kfVyI|Hello Christmas - Christmas Without You (Official Karaoke Version)-RRRvT5kfVyI.webm
High School Musical 2|Fabulous (Karaoke Version)|42sZMRaJe5w|High School Musical 2 - Fabulous (Karaoke Version)-42sZMRaJe5w.webm
High School Musical 2|You Are The Music In Me (Karaoke Version)|Yd4en3dMFY8|High School Musical 2 - You Are The Music In Me (Karaoke Version)-Yd4en3dMFY8.mkv
Iggy Azalea|Team (Karaoke Version)|8bwDkgcw0z8|Iggy Azalea - Team (Karaoke Version)-8bwDkgcw0z8.mkv
Imagine Dragons|Levitate (from 'Passengers') (Karaoke Version)|FIYrNrwg8Uk|Imagine Dragons - Levitate (from 'Passengers') (Karaoke Version)-FIYrNrwg8Uk.mkv
Imagine Dragons|Radioactive (Karaoke Version)|eGpM33XHyoE|Imagine Dragons - Radioactive (Karaoke Version)-eGpM33XHyoE.mkv
Jacob Sartorius|All My Friends (Karaoke Version)|TM8aw1fr4RI|Jacob Sartorius - All My Friends (Karaoke Version)-TM8aw1fr4RI.webm
Jacob Sartorius|Hit Or Miss (Karaoke Version)|4PB1dcfBXY8|Jacob Sartorius - Hit Or Miss (Karaoke Version)-4PB1dcfBXY8.mkv
Jacob Sartorius|Sweatshirt (Karaoke Version)|PpflCk1daIY|Jacob Sartorius - Sweatshirt (Karaoke Version)-PpflCk1daIY.mkv
Jason Derulo|Get Ugly (Karaoke Version)|I1i9FIue6vk|Jason Derulo - Get Ugly (Karaoke Version)-I1i9FIue6vk.mp4
Jason Derulo|If It Ain't Love (Karaoke Version)|81cN3C6onmk|Jason Derulo - If It Ain't Love (Karaoke Version)-81cN3C6onmk.mkv
Jennifer Lopez|Ain't Your Mama (Karaoke Version)|z8JgE6FDQyg|Jennifer Lopez - Ain't Your Mama (Karaoke Version)-z8JgE6FDQyg.webm
Jess Glynne|Hold My Hand (Karaoke Version)|iR2Zo-q-c7M|Jess Glynne - Hold My Hand (Karaoke Version)-iR2Zo-q-c7M.mkv
Jess Glynne|Take Me Home (Karaoke, Single Version)|8w1lQpUo16A|Jess Glynne - Take Me Home (Karaoke, Single Version)-8w1lQpUo16A.webm
Jessie J|Sweet Talker (Karaoke Version)|8LV0EYgHhTg|Jessie J - Sweet Talker (Karaoke Version)-8LV0EYgHhTg.mkv
JoJo|Leave (Get Out) (Karaoke Version)|Vs20pLrCJXA|JoJo - Leave (Get Out) (Karaoke Version)-Vs20pLrCJXA.mkv
JoJo Siwa|Boomerang (Karaoke Version)|KavWqUmVMYA|JoJo Siwa - Boomerang (Karaoke Version)-KavWqUmVMYA.webm
Joel Adams|Please Don't Go (Karaoke Version)|VBo85-_9rL0|Joel Adams - Please Don't Go (Karaoke Version)-VBo85-_9rL0.mkv
John Legend|All of Me (Karaoke Version)|kr8wPkdHFA0|John Legend - All of Me (Karaoke Version)-kr8wPkdHFA0.mkv
John Legend|Love Me Now (Karaoke Version)|rmAFfg_rmFg|John Legend - Love Me Now (Karaoke Version)-rmAFfg_rmFg.mkv
John Lennon|Happy Xmas (War Is Over) (Karaoke Version)|6E0BRIN3Z0c|John Lennon - Happy Xmas (War Is Over) (Karaoke Version)-6E0BRIN3Z0c.mkv
Johnny Cash|Hurt (Karaoke Version)|Cjudlh8Mb3M|Johnny Cash - Hurt (Karaoke Version)-Cjudlh8Mb3M.webm
Jon Bellion|All Time Low (Karaoke Version)|78HYbOcswD4|Jon Bellion - All Time Low (Karaoke Version)-78HYbOcswD4.webm
Jonas Blue ft. Dakota|Fast Car (Karaoke Version)|d_5D11Qh9Hk|Jonas Blue ft. Dakota - Fast Car (Karaoke Version)-d_5D11Qh9Hk.webm
Jordan Pruitt|Merry Christmas Baby (Karaoke Version)|vavvsJmo4h4|Jordan Pruitt - Merry Christmas Baby (Karaoke Version)-vavvsJmo4h4.mkv
Justin Bieber|Christmas Eve (Karaoke Version)|Rov1ZlBzJhs|Justin Bieber - Christmas Eve (Karaoke Version)-Rov1ZlBzJhs.mkv
Justin Bieber|Company (Karaoke Version)|hYSNz4uJh9k|Justin Bieber - Company (Karaoke Version)-hYSNz4uJh9k.mkv
Justin Bieber|I'll Show You (Karaoke Version)|LmaRqEuusXI|Justin Bieber - I'll Show You (Karaoke Version)-LmaRqEuusXI.mkv
Justin Bieber|Life Is Worth Living (Karaoke Version)|DQzdMorZe04|Justin Bieber - Life Is Worth Living (Karaoke Version)-DQzdMorZe04.mkv
Justin Bieber|Purpose (Karaoke Version)|t0-3FjSIKJY|Justin Bieber - Purpose (Karaoke Version)-t0-3FjSIKJY.mkv
Justin Bieber ft. Halsey|The Feeling (Karaoke Version)|NYiZ0LBe8Sk|Justin Bieber ft. Halsey - The Feeling (Karaoke Version)-NYiZ0LBe8Sk.mkv
Justin Timberlake|CAN'T STOP THE FEELING (Karaoke Version)|AsQlMVutiCI|Justin Timberlake - CAN'T STOP THE FEELING (Karaoke Version)-AsQlMVutiCI.mkv
Kat Dahlia|I Think I'm In Love (Karaoke Version)|j52kpEn5roY|Kat Dahlia - I Think I'm In Love (Karaoke Version)-j52kpEn5roY.mkv
Katrina and The Waves|Walkin' On Sunshine (Karaoke Version)|f76Ue9ki3_U|Katrina and The Waves - Walkin' On Sunshine (Karaoke Version)-f76Ue9ki3_U.webm
Katy Perry|Hot 'n' Cold (Karaoke Version)|OWd-2SVsV50|Katy Perry - Hot 'n' Cold (Karaoke Version)-OWd-2SVsV50.webm
Katy Perry|Rise (Karaoke Version)|6yQVtrqx5sU|Katy Perry - Rise (Karaoke Version)-6yQVtrqx5sU.webm
Katy Perry|Unconditionally (Karaoke Version)|-rCIyA3RAjk|Katy Perry - Unconditionally (Karaoke Version)--rCIyA3RAjk.mkv
Katy Perry|Walking On Air (Karaoke Version)|Ys_V1kOBoqM|Katy Perry - Walking On Air (Karaoke Version)-Ys_V1kOBoqM.webm
Kehlani|Advice (Karaoke Version)|K-KthlBioDs|Kehlani - Advice (Karaoke Version)-K-KthlBioDs.mkv
Kehlani|Gangsta (from Suicide Squad) (Karaoke Version)|cyrpA6fx2sU|Kehlani - Gangsta (from Suicide Squad) (Karaoke Version)-cyrpA6fx2sU.webm
Kelly Clarkson|Invincible (Karaoke Version)|a03arXvEC7c|Kelly Clarkson - Invincible (Karaoke Version)-a03arXvEC7c.mkv
Kelly Clarkson|Piece By Piece (Karaoke Version)|E7tMc-vrxTw|Kelly Clarkson - Piece By Piece (Karaoke Version)-E7tMc-vrxTw.mkv
Kelly Clarkson|Since U Been Gone (Karaoke Version)|B8S0l--gHgA|Kelly Clarkson - Since U Been Gone (Karaoke Version)-B8S0l--gHgA.webm
Kelly Clarkson|Underneath The Tree (Karaoke Version)|6qgtHXOJX9s|Kelly Clarkson - Underneath The Tree (Karaoke Version)-6qgtHXOJX9s.mkv
Kelsea Ballerini|Peter Pan (Karaoke Version)|CmmX9QOCyRg|Kelsea Ballerini - Peter Pan (Karaoke Version)-CmmX9QOCyRg.webm
Kent Jones|Don't Mind (Karaoke Version)|rfCgDUZCzHo|Kent Jones - Don't Mind (Karaoke Version)-rfCgDUZCzHo.mkv
Kesha|TiK ToK (Karaoke Version)|SY37clW29Os|Kesha - TiK ToK (Karaoke Version)-SY37clW29Os.mkv
Kings Of Leon|Sex On Fire (Karaoke Version)|9c-Prnn5S_M|Kings Of Leon - Sex On Fire (Karaoke Version)-9c-Prnn5S_M.webm
Kings Of Leon|Use Somebody (Karaoke Version)|2yMIxDaa0Ck|Kings Of Leon - Use Somebody (Karaoke Version)-2yMIxDaa0Ck.mkv
Kungs vs Cookin' on 3 Burners|This Girl (Karaoke Version)|BJRMkqkoPD8|Kungs vs Cookin' on 3 Burners - This Girl (Karaoke Version)-BJRMkqkoPD8.webm
Kygo|Firestone (Karaoke Version)|xdX_Bcu-RZ4|Kygo - Firestone (Karaoke Version)-xdX_Bcu-RZ4.mkv
LP|Lost On You (Karaoke Version)|9Mpv9Wlij5g|LP - Lost On You (Karaoke Version)-9Mpv9Wlij5g.webm
Lady Gaga|Til It Happens To You (Karaoke Version)|FaQUZdvmKlU|Lady Gaga - Til It Happens To You (Karaoke Version)-FaQUZdvmKlU.mkv
Lana Del Rey|Ultraviolence (Karaoke Version)|xyzwVdyqonc|Lana Del Rey - Ultraviolence (Karaoke Version)-xyzwVdyqonc.mkv
Lana Del Rey|Video Games (Karaoke Version)|AOVyQC67Q4g|Lana Del Rey - Video Games (Karaoke Version)-AOVyQC67Q4g.mkv
Laura Marano|Boombox (Karaoke Version)|IesptmydsYA|Laura Marano - Boombox (Karaoke Version)-IesptmydsYA.mkv
Laura Marano|Miraculous Ladybug Theme Song (Karaoke Version)|_w7YnxZ11SI|Laura Marano - Miraculous Ladybug Theme Song (Karaoke Version)-_w7YnxZ11SI.mkv
Les Miserables|I Dreamed A Dream (Karaoke Version)|ruviSIVo-TM|Les Miserables - I Dreamed A Dream (Karaoke Version)-ruviSIVo-TM.mkv
Lia Marie Johnson|DNA (Karaoke Version)|Sbc74Dhw1c8|Lia Marie Johnson - DNA (Karaoke Version)-Sbc74Dhw1c8.webm
Lindsey Stirling ft. Andrew McMahon in the Wilderness|Something Wild (Karaoke Version)|mAlpkmaJNcQ|Lindsey Stirling ft. Andrew McMahon in the Wilderness - Something Wild (Karaoke Version)-mAlpkmaJNcQ.mkv
Linkin Park|In The End (Karaoke Version)|D0NZrdRlyUE|Linkin Park - In The End (Karaoke Version)-D0NZrdRlyUE.mkv
Little Mix|DNA (Karaoke Version)|MpS5i1pCwZE|Little Mix - DNA (Karaoke Version)-MpS5i1pCwZE.mkv
Little Mix|F.U. (Karaoke Version)|PpcOtzW0s40|Little Mix - F.U. (Karaoke Version)-PpcOtzW0s40.webm
Little Mix|Grown (Karaoke Version)|rAdXeUbC8Ac|Little Mix - Grown (Karaoke Version)-rAdXeUbC8Ac.mkv
Little Mix|How Ya Doin' (Karaoke Version)|hTE4K0OQ-Ao|Little Mix - How Ya Doin' (Karaoke Version)-hTE4K0OQ-Ao.webm
Little Mix|Lightning (Karaoke Version)|jRMHxHbH1fk|Little Mix - Lightning (Karaoke Version)-jRMHxHbH1fk.mkv
Little Mix|Little Me (Karaoke Version)|-3zo_TEI5qA|Little Mix - Little Me (Karaoke Version)--3zo_TEI5qA.webm
Little Mix|Love Me Or Leave Me (Karaoke Version)|Nn0RrIffVoI|Little Mix - Love Me Or Leave Me (Karaoke Version)-Nn0RrIffVoI.mkv
Little Mix|Secret Love Song, Pt. II (Karaoke Version)|z_fs3a7_VYU|Little Mix - Secret Love Song, Pt. II (Karaoke Version)-z_fs3a7_VYU.mkv
Little Mix|Towers (Karaoke Version)|dsp6TjJdT9M|Little Mix - Towers (Karaoke Version)-dsp6TjJdT9M.mkv
Little Mix ft. Jason Derulo|Secret Love Song (Karaoke Version)|FWJtQj_Okpc|Little Mix ft. Jason Derulo - Secret Love Song (Karaoke Version)-FWJtQj_Okpc.mkv
Lost Frequencies|Are You With Me (Karaoke Version)|C5uatKyKs8w|Lost Frequencies - Are You With Me (Karaoke Version)-C5uatKyKs8w.mkv
Louisa Johnson|So Good (Karaoke Version)|GsqF3WroG-Q|Louisa Johnson - So Good (Karaoke Version)-GsqF3WroG-Q.webm
Lukas Graham|7 Years (Karaoke Version)|ALq8ihw4pwU|Lukas Graham - 7 Years (Karaoke Version)-ALq8ihw4pwU.mkv
Lukas Graham|Mama Said (Karaoke Version)|pUso35emJpU|Lukas Graham - Mama Said (Karaoke Version)-pUso35emJpU.mkv
MAX|Gibberish (Karaoke Version)|ltaCXPrmSO8|MAX - Gibberish (Karaoke Version)-ltaCXPrmSO8.mkv
Madilyn Bailey|Wiser (Karaoke Version)|-AEHGMdgCkk|Madilyn Bailey - Wiser (Karaoke Version)--AEHGMdgCkk.webm
Madison Beer ft. Jack & Jack|All For Love (Karaoke Version)|zUMmlyfJHIk|Madison Beer ft. Jack & Jack - All For Love (Karaoke Version)-zUMmlyfJHIk.mkv
Madonna|Vogue (Karaoke Version)|DI5QsCFHFrw|Madonna - Vogue (Karaoke Version)-DI5QsCFHFrw.webm
Major Lazer ft. Ariana Grande|All My Love (Karaoke Version)|dzze-sGA61E|Major Lazer ft. Ariana Grande - All My Love (Karaoke Version)-dzze-sGA61E.mkv
Major Lazer ft. Justin Bieber & MØ|Cold Water (Karaoke Version)|kMb71-aWthI|Major Lazer ft. Justin Bieber & MØ - Cold Water (Karaoke Version)-kMb71-aWthI.mp4
Marian Hill|One Time (Karaoke Version)|1H2sIwgm9CA|Marian Hill - One Time (Karaoke Version)-1H2sIwgm9CA.mkv
Marvin Gaye|Sexual Healing (Karaoke Version)|BAxsoTBR2HA|Marvin Gaye - Sexual Healing (Karaoke Version)-BAxsoTBR2HA.mkv
Meghan Trainor|3AM (Karaoke Version)|Q80cDvj2L3o|Meghan Trainor - 3AM (Karaoke Version)-Q80cDvj2L3o.mkv
Meghan Trainor|I'll Be Home (Karaoke Version)|yQAuGCd1PmU|Meghan Trainor - I'll Be Home (Karaoke Version)-yQAuGCd1PmU.mkv
Meghan Trainor|Me Too (Karaoke Version)|9RcoA7RptvE|Meghan Trainor - Me Too (Karaoke Version)-9RcoA7RptvE.mkv
Meghan Trainor|NO (Karaoke Version)|Qcc9zdXowPQ|Meghan Trainor - NO (Karaoke Version)-Qcc9zdXowPQ.mkv
Melanie Martinez|Alphabet Boy (Karaoke Version)|u2jQRPVtfgE|Melanie Martinez - Alphabet Boy (Karaoke Version)-u2jQRPVtfgE.webm
Melanie Martinez|Cake (Karaoke Version)|5J_D7SfIc94|Melanie Martinez - Cake (Karaoke Version)-5J_D7SfIc94.mkv
Melanie Martinez|Cry Baby (Karaoke Version)|Ax0IkqNBSoU|Melanie Martinez - Cry Baby (Karaoke Version)-Ax0IkqNBSoU.mkv
Melanie Martinez|Dead To Me (Karaoke Version)|2Yazj2DJ_LE|Melanie Martinez - Dead To Me (Karaoke Version)-2Yazj2DJ_LE.mkv
Melanie Martinez|Gingerbread Man (Karaoke Version)|A33vNcNTGDM|Melanie Martinez - Gingerbread Man (Karaoke Version)-A33vNcNTGDM.webm
Melanie Martinez|Mad Hatter (Karaoke Version)|XZgmgnaYVl8|Melanie Martinez - Mad Hatter (Karaoke Version)-XZgmgnaYVl8.mkv
Melanie Martinez|Milk and Cookies (Karaoke Version)|TKB4VcdWiQc|Melanie Martinez - Milk and Cookies (Karaoke Version)-TKB4VcdWiQc.webm
Melanie Martinez|Pacify Her (Karaoke Version)|gY-Wl5CfFAY|Melanie Martinez - Pacify Her (Karaoke Version)-gY-Wl5CfFAY.webm
Melanie Martinez|Play Date (Karaoke Version)|KuiloJgXsbA|Melanie Martinez - Play Date (Karaoke Version)-KuiloJgXsbA.webm
Melanie Martinez|Tag You're It (Karaoke Version)|FiofhisfDqo|Melanie Martinez - Tag You're It (Karaoke Version)-FiofhisfDqo.mkv
Melanie Martinez|Training Wheels (Karaoke Version)|3rIbAe4daG0|Melanie Martinez - Training Wheels (Karaoke Version)-3rIbAe4daG0.webm
Michael Bublé|Haven't Met You Yet (Karaoke Version)|247YolCxlpI|Michael Bublé - Haven't Met You Yet (Karaoke Version)-247YolCxlpI.webm
Michael Jackson|Thriller (Karaoke Version)|BZgNZR76Mbw|Michael Jackson - Thriller (Karaoke Version)-BZgNZR76Mbw.webm
Mike Posner|I Took A Pill In Ibiza (SeeB Remix) (Karaoke Version)|zPgyip8Hakg|Mike Posner - I Took A Pill In Ibiza (SeeB Remix) (Karaoke Version)-zPgyip8Hakg.mkv
Miley Cyrus|Hands Of Love (Karaoke Version)|jMWXbOjfRxA|Miley Cyrus - Hands Of Love (Karaoke Version)-jMWXbOjfRxA.mkv
Miley Cyrus|Party In The USA (Karaoke Version)|kfa-26JfdDA|Miley Cyrus - Party In The USA (Karaoke Version)-kfa-26JfdDA.mkv
Mud|Lonely This Christmas (Karaoke Version)|_6obMYlPqf8|Mud - Lonely This Christmas (Karaoke Version)-_6obMYlPqf8.mkv
Nathan Sykes|Over And Over Again (Karaoke Version)|vnxbblBBVpk|Nathan Sykes - Over And Over Again (Karaoke Version)-vnxbblBBVpk.mkv
Neiked feat. Dyo|Sexual (Karaoke Version)|MbA79Qe2Jzo|Neiked feat. Dyo - Sexual (Karaoke Version)-MbA79Qe2Jzo.mkv
Nick Jonas ft. Tove Lo|Close (Karaoke Version)|tCmltWCah6s|Nick Jonas ft. Tove Lo - Close (Karaoke Version)-tCmltWCah6s.mkv
Nicki Minaj ft. Ariana Grande|Get On Your Knees (Karaoke Version)|rCM6K2qyhKw|Nicki Minaj ft. Ariana Grande - Get On Your Knees (Karaoke Version)-rCM6K2qyhKw.webm
Nirvana|Smells Like Teen Spirit (Karaoke Version)|tYZTJy_z3cE|Nirvana - Smells Like Teen Spirit (Karaoke Version)-tYZTJy_z3cE.mkv
Oasis|Wonderwall (Karaoke Version)|R_EXyGWI9rU|Oasis - Wonderwall (Karaoke Version)-R_EXyGWI9rU.webm
Oh Wonder|Lose It (Karaoke Version)|x6d5SPKrn60|Oh Wonder - Lose It (Karaoke Version)-x6d5SPKrn60.mkv
Olivia Holt|Phoenix (Karaoke Version)|FdvoQ67eeQk|Olivia Holt - Phoenix (Karaoke Version)-FdvoQ67eeQk.webm
One Direction|End Of The Day (Karaoke Version)|gqaXhaKtEAQ|One Direction - End Of The Day (Karaoke Version)-gqaXhaKtEAQ.mkv
One Direction|History (Karaoke Version)|6abAeLt6Hvw|One Direction - History (Karaoke Version)-6abAeLt6Hvw.mkv
One Direction|If I Could Fly (Karaoke Version)|vaWw6qZa6BI|One Direction - If I Could Fly (Karaoke Version)-vaWw6qZa6BI.mkv
One Direction|Little Things (Karaoke Version)|JShoho_WYIQ|One Direction - Little Things (Karaoke Version)-JShoho_WYIQ.mkv
One Direction|Love You Goodbye (Karaoke Version)|G-5BbdBqT8I|One Direction - Love You Goodbye (Karaoke Version)-G-5BbdBqT8I.mkv
OneRepublic|Kids (Karaoke Version)|AEbkkRn8i-Y|OneRepublic - Kids (Karaoke Version)-AEbkkRn8i-Y.mkv
OutKast|Hey Ya! (Karaoke Version)|l9Ftxu38r0w|OutKast - Hey Ya! (Karaoke Version)-l9Ftxu38r0w.webm
Owl City|Fireflies (Karaoke Version)|gfVKv3NEAQ4|Owl City - Fireflies (Karaoke Version)-gfVKv3NEAQ4.mkv
Owl City|Humbug (Karaoke Version)|6ctk_hsJ_-o|Owl City - Humbug (Karaoke Version)-6ctk_hsJ_-o.webm
P!nk|Try (Karaoke Version)|wYIx_2s1qhc|P!nk - Try (Karaoke Version)-wYIx_2s1qhc.mkv
Panic! At The Disco|Death Of A Bachelor (Karaoke Version)|7MPe5t0o48c|Panic! At The Disco - Death Of A Bachelor (Karaoke Version)-7MPe5t0o48c.mkv
Panic! At The Disco|This Is Gospel (Karaoke Version)|g5Ny-QaoZ_A|Panic! At The Disco - This Is Gospel (Karaoke Version)-g5Ny-QaoZ_A.mkv
Panic! At The Disco|Victorious (Karaoke Version)|032UtZ26LPs|Panic! At The Disco - Victorious (Karaoke Version)-032UtZ26LPs.mkv
Paramore|Ignorance (Karaoke Version)|30jXkZxbkyI|Paramore - Ignorance (Karaoke Version)-30jXkZxbkyI.webm
Paramore|Misery Business (Karaoke Version)|dZUHFTH2wYY|Paramore - Misery Business (Karaoke Version)-dZUHFTH2wYY.mkv
Paramore|Still Into You (Karaoke Version)|2lPtXYwT-A4|Paramore - Still Into You (Karaoke Version)-2lPtXYwT-A4.mkv
Percy Sledge|When A Man Loves A Woman (Karaoke Version)|Ep_HyhQo2iY|Percy Sledge - When A Man Loves A Woman (Karaoke Version)-Ep_HyhQo2iY.mkv
Perry Como|It's Beginning To Look A Lot Like Christmas (Karaoke Version)|rAPyxGGjNbk|Perry Como - It's Beginning To Look A Lot Like Christmas (Karaoke Version)-rAPyxGGjNbk.mkv
Phil Collins|In The Air Tonight (Karaoke Version)|BRz_UpdVaK4|Phil Collins - In The Air Tonight (Karaoke Version)-BRz_UpdVaK4.mkv
Pia Mia|Touch (Karaoke Version)|slA9cFKEAYg|Pia Mia - Touch (Karaoke Version)-slA9cFKEAYg.mkv
Pink|Just Like Fire (Karaoke Version)|dLYuZC6Czfw|Pink - Just Like Fire (Karaoke Version)-dLYuZC6Czfw.mkv
Plain White T's|Hey There Delilah (Karaoke Version)|ZakEbWobIj0|Plain White T's - Hey There Delilah (Karaoke Version)-ZakEbWobIj0.mkv
Pokémon|Theme Song (Karaoke Version)|UdTzFfT-frE|Pokémon - Theme Song (Karaoke Version)-UdTzFfT-frE.webm
Post Malone|White Iverson (Karaoke Version)|bacP3MBLgBw|Post Malone - White Iverson (Karaoke Version)-bacP3MBLgBw.mkv
Rae Sremmurd|Black Beatles (Karaoke Version)|NV-USjtsMEI|Rae Sremmurd - Black Beatles (Karaoke Version)-NV-USjtsMEI.webm
Rag'n'Bone Man|Human (Karaoke Version)|gf0taQyr0E0|Rag'n'Bone Man - Human (Karaoke Version)-gf0taQyr0E0.webm
Rick Astley|Never Gonna Give You Up (Karaoke Version)|8leAAwMIigI|Rick Astley - Never Gonna Give You Up (Karaoke Version)-8leAAwMIigI.webm
Rihanna|Kiss It Better (Karaoke Version)|vHLW-LuxkPg|Rihanna - Kiss It Better (Karaoke Version)-vHLW-LuxkPg.mkv
Rihanna|Needed Me (Karaoke Version)|u0cdOKfIAjM|Rihanna - Needed Me (Karaoke Version)-u0cdOKfIAjM.mkv
Rihanna|Shut Up And Drive (Karaoke Version)|fPVo9MnoiEc|Rihanna - Shut Up And Drive (Karaoke Version)-fPVo9MnoiEc.webm
Rihanna ft. Drake|Work (Karaoke Version)|c3sXBVC7Jcg|Rihanna ft. Drake - Work (Karaoke Version)-c3sXBVC7Jcg.mkv
Robin Schulz ft. Francesco Yates|Sugar (Karaoke Version)|6JJ5kls77K4|Robin Schulz ft. Francesco Yates - Sugar (Karaoke Version)-6JJ5kls77K4.mkv
Robyn|Dancing On My Own (Karaoke Version)|Ch_xInCwiF4|Robyn - Dancing On My Own (Karaoke Version)-Ch_xInCwiF4.webm
Ron Pope|A Drop In The Ocean (Karaoke Version)|K54Ca4CrKzg|Ron Pope - A Drop In The Ocean (Karaoke Version)-K54Ca4CrKzg.webm
Rusted Root|Send Me On My Way (Karaoke Version)|fEpfsVDPImI|Rusted Root - Send Me On My Way (Karaoke Version)-fEpfsVDPImI.webm
Ruth B|2 Poor Kids (Karaoke Version)|3WyuNHA0ibg|Ruth B - 2 Poor Kids (Karaoke Version)-3WyuNHA0ibg.mkv
Ruth B|Superficial Love (Karaoke Version)|mytwQTeWQOc|Ruth B - Superficial Love (Karaoke Version)-mytwQTeWQOc.mkv
Sabrina Carpenter|All We Have Is Love (Karaoke Version)|B0UCDX9dJ9o|Sabrina Carpenter - All We Have Is Love (Karaoke Version)-B0UCDX9dJ9o.mkv
Sabrina Carpenter|Christmas The Whole Year Round (Karaoke Version)|yTbB0rBfF7Q|Sabrina Carpenter - Christmas The Whole Year Round (Karaoke Version)-yTbB0rBfF7Q.mkv
Sabrina Carpenter|On Purpose (Karaoke Version)|BXJ_0Jrr74Y|Sabrina Carpenter - On Purpose (Karaoke Version)-BXJ_0Jrr74Y.webm
Sabrina Carpenter|Shadows (Karaoke Version)|PYiY74QERJA|Sabrina Carpenter - Shadows (Karaoke Version)-PYiY74QERJA.webm
Sabrina Carpenter|Smoke And Fire (Karaoke Version)|hfimYKn2qDQ|Sabrina Carpenter - Smoke And Fire (Karaoke Version)-hfimYKn2qDQ.mkv
Sabrina Carpenter ft. Sofia Carson|Wildside (Karaoke Version)|yAoJEd0uZUc|Sabrina Carpenter ft. Sofia Carson - Wildside (Karaoke Version)-yAoJEd0uZUc.mkv
Sam Smith|Drowning Shadows (Karaoke Version)|D5qBdppqOAc|Sam Smith - Drowning Shadows (Karaoke Version)-D5qBdppqOAc.mkv
Savage Garden|Truly Madly Deeply (Karaoke Version)|DDMdkRDZVmI|Savage Garden - Truly Madly Deeply (Karaoke Version)-DDMdkRDZVmI.mkv
Seal|Kiss From A Rose (Karaoke Version)|Ug6Mr144qrM|Seal - Kiss From A Rose (Karaoke Version)-Ug6Mr144qrM.webm
Selena Gomez|Hands To Myself (Karaoke Version)|QlJG_GmdQB0|Selena Gomez - Hands To Myself (Karaoke Version)-QlJG_GmdQB0.mkv
Selena Gomez|Kill Em With Kindness (Karaoke Version)|h1_H_k9tUAg|Selena Gomez - Kill Em With Kindness (Karaoke Version)-h1_H_k9tUAg.mkv
Selena Gomez|Me And My Girls (Karaoke Version)|ERt4OQCSuhg|Selena Gomez - Me And My Girls (Karaoke Version)-ERt4OQCSuhg.webm
Selena Gomez|Perfect (Karaoke Version)|bIUME7pcACA|Selena Gomez - Perfect (Karaoke Version)-bIUME7pcACA.webm
Shakira|Try Everything (Karaoke Version)|HJXW27K79T4|Shakira - Try Everything (Karaoke Version)-HJXW27K79T4.webm
Shania Twain|You're Still The One (Karaoke Version)|LvmTty7Pr6g|Shania Twain - You're Still The One (Karaoke Version)-LvmTty7Pr6g.mkv
Shawn Mendes & Camila Cabello|I Know What You Did Last Summer (Karaoke Version)|CZCfGmLUn9s|Shawn Mendes & Camila Cabello - I Know What You Did Last Summer (Karaoke Version)-CZCfGmLUn9s.mkv
Shawn Mendes|Aftertaste (Karaoke Version)|RCEThvfFhOE|Shawn Mendes - Aftertaste (Karaoke Version)-RCEThvfFhOE.mkv
Shawn Mendes|Mercy (Karaoke Version)|3nt29LRZqFM|Shawn Mendes - Mercy (Karaoke Version)-3nt29LRZqFM.mkv
Shawn Mendes|Treat You Better (Karaoke Version)|QIJQ7dxuKgY|Shawn Mendes - Treat You Better (Karaoke Version)-QIJQ7dxuKgY.mkv
Sia|Bird Set Free (Karaoke Version)|QPUh2yRv5mM|Sia - Bird Set Free (Karaoke Version)-QPUh2yRv5mM.mkv
Sia|Breathe Me (Karaoke Version)|xDfUBoZE6pE|Sia - Breathe Me (Karaoke Version)-xDfUBoZE6pE.mkv
Sia|Chandelier (Karaoke Version)|b3iox_qUaUE|Sia - Chandelier (Karaoke Version)-b3iox_qUaUE.mkv
Sia|Cheap Thrills (Karaoke Version)|LqrqgALM1Ug|Sia - Cheap Thrills (Karaoke Version)-LqrqgALM1Ug.mkv
Sia|You're Never Fully Dressed Without A Smile (Karaoke Version)|oq5cBDKnzkw|Sia - You're Never Fully Dressed Without A Smile (Karaoke Version)-oq5cBDKnzkw.mkv
Sigala|Easy Love (Karaoke Version)|i3yf7f98MRM|Sigala - Easy Love (Karaoke Version)-i3yf7f98MRM.mkv
Sigala|Sweet Lovin' (Karaoke Version)|3BHRfD4RU8E|Sigala - Sweet Lovin' (Karaoke Version)-3BHRfD4RU8E.mkv
Simple Plan|Christmas Every Day (Karaoke Version)|a7aADI6WyF4|Simple Plan - Christmas Every Day (Karaoke Version)-a7aADI6WyF4.mkv
Slade|Merry Xmas Everybody (Karaoke Version)|Kd1BASq1pp8|Slade - Merry Xmas Everybody (Karaoke Version)-Kd1BASq1pp8.mkv
Smash Mouth|All Star (Karaoke Version)|ABOYo7ioQJo|Smash Mouth - All Star (Karaoke Version)-ABOYo7ioQJo.mkv
Sofia Carson|Love Is The Name (Karaoke Version)|QA2BRqXroEg|Sofia Carson - Love Is The Name (Karaoke Version)-QA2BRqXroEg.mkv
Sofia Carson|Rotten To The Core (Karaoke Version)|WIwsFQxvwOY|Sofia Carson - Rotten To The Core (Karaoke Version)-WIwsFQxvwOY.mkv
Sophia Grace|Best Friends (Karaoke Version)|3xi_rU1lshU|Sophia Grace - Best Friends (Karaoke Version)-3xi_rU1lshU.mkv
Stevie Wonder|I Just Called To Say I Love You (Karaoke Version)|x-ufoMYaVYE|Stevie Wonder - I Just Called To Say I Love You (Karaoke Version)-x-ufoMYaVYE.mkv
TINI|Great Escape (Karaoke Version)|uczT-O2s_Hc|TINI - Great Escape (Karaoke Version)-uczT-O2s_Hc.webm
Taylor Swift|Back To December (Karaoke Version)|VHpK1i6XnkY|Taylor Swift - Back To December (Karaoke Version)-VHpK1i6XnkY.mkv
Taylor Swift|Our Song (Karaoke Version)|ZNeW05ELGhE|Taylor Swift - Our Song (Karaoke Version)-ZNeW05ELGhE.mkv
The 1975|A Change Of Heart (Karaoke Version)|sgIMKZt0RYk|The 1975 - A Change Of Heart (Karaoke Version)-sgIMKZt0RYk.webm
The 1975|Somebody Else (Karaoke Version)|mK_1Ldh6ClA|The 1975 - Somebody Else (Karaoke Version)-mK_1Ldh6ClA.mkv
The 1975|The Sound (Karaoke Version)|oh5WsfZVVrE|The 1975 - The Sound (Karaoke Version)-oh5WsfZVVrE.mkv
The Calling|Wherever You Will Go (Karaoke Version)|sTGFkbjK3IU|The Calling - Wherever You Will Go (Karaoke Version)-sTGFkbjK3IU.mkv
The Chainsmokers feat. Daya|Don't Let Me Down (Karaoke Version)|5FHDnD-VcHI|The Chainsmokers feat. Daya - Don't Let Me Down (Karaoke Version)-5FHDnD-VcHI.mkv
The Chainsmokers ft. Halsey|Closer (Karaoke Version)|r0A_1UbB70o|The Chainsmokers ft. Halsey - Closer (Karaoke Version)-r0A_1UbB70o.mkv
The Chainsmokers ft. Rozes|Roses (Karaoke Version)|EUdNpznNKcc|The Chainsmokers ft. Rozes - Roses (Karaoke Version)-EUdNpznNKcc.mkv
The Girl And The Dreamcatcher|Written In The Stars (Karaoke Version)|SJSzWWyoRKI|The Girl And The Dreamcatcher - Written In The Stars (Karaoke Version)-SJSzWWyoRKI.webm
The Girl and The Dreamcatcher|Make You Stay (Karaoke Version)|g8ibaw1fOB4|The Girl and The Dreamcatcher - Make You Stay (Karaoke Version)-g8ibaw1fOB4.mkv
The Jackson 5|I Want You Back (Karaoke Version)|auaqyVYmpP8|The Jackson 5 - I Want You Back (Karaoke Version)-auaqyVYmpP8.mkv
The Jungle Book|Bare Necessities (Karaoke Version)|NVEf7dhMurM|The Jungle Book - Bare Necessities (Karaoke Version)-NVEf7dhMurM.mkv
The Offspring|Pretty Fly (For A White Guy) (Karaoke Version)|AqR295kgmDU|The Offspring - Pretty Fly (For A White Guy) (Karaoke Version)-AqR295kgmDU.webm
The Pogues & Kirsty McColl|Fairytale Of New York (Karaoke Version)|JkGkodCBNWs|The Pogues & Kirsty McColl - Fairytale Of New York (Karaoke Version)-JkGkodCBNWs.mkv
The Rembrandts|I'll Be There For You (Friends Theme Song) (Karaoke Version)|opjN4O9zlGQ|The Rembrandts - I'll Be There For You (Friends Theme Song) (Karaoke Version)-opjN4O9zlGQ.webm
The Vamps & Matoma|All Night (Karaoke Version)|KlWvgxsPk74|The Vamps & Matoma - All Night (Karaoke Version)-KlWvgxsPk74.mkv
The Vamps|Rest Your Love (Karaoke Version)|UtPwxeKHUSo|The Vamps - Rest Your Love (Karaoke Version)-UtPwxeKHUSo.webm
The Weeknd|In The Night (Karaoke Version)|kV5dLKnQ90I|The Weeknd - In The Night (Karaoke Version)-kV5dLKnQ90I.mkv
The Weeknd|Often (Karaoke Version)|2P7wedbhYAU|The Weeknd - Often (Karaoke Version)-2P7wedbhYAU.mkv
The Weeknd ft. Daft Punk|Starboy (Karaoke Version)|oAYvcN1WVC4|The Weeknd ft. Daft Punk - Starboy (Karaoke Version)-oAYvcN1WVC4.webm
Tinie Tempah ft. Zara Larsson|Girls Like (Karaoke Version)|zfKgUKBnWmw|Tinie Tempah ft. Zara Larsson - Girls Like (Karaoke Version)-zfKgUKBnWmw.mkv
Tori Kelly|Hollow (Karaoke Version)|GzG3Np1DdSY|Tori Kelly - Hollow (Karaoke Version)-GzG3Np1DdSY.mkv
Tory Lanez|Luv (Karaoke Version)|e5xN1SRF8Zc|Tory Lanez - Luv (Karaoke Version)-e5xN1SRF8Zc.webm
Tory Lanez|Say It (Karaoke Version)|jIi_6LxcEsk|Tory Lanez - Say It (Karaoke Version)-jIi_6LxcEsk.mkv
Tove Lo|Cool Girl (Karaoke Version)|YenRFrfLCBQ|Tove Lo - Cool Girl (Karaoke Version)-YenRFrfLCBQ.webm
Tove Lo|Moments (Karaoke Version)|kOHgVuDnknw|Tove Lo - Moments (Karaoke Version)-kOHgVuDnknw.mkv
Travis Scott|Antidote (Karaoke Version)|3s7kBlAiNK4|Travis Scott - Antidote (Karaoke Version)-3s7kBlAiNK4.mp4
Trevor Moran|I Wanna Fly (Karaoke Version)|9vL1HBADzmU|Trevor Moran - I Wanna Fly (Karaoke Version)-9vL1HBADzmU.mkv
Troye Sivan|Talk Me Down (Karaoke Version)|DQvpQN7bnJY|Troye Sivan - Talk Me Down (Karaoke Version)-DQvpQN7bnJY.webm
Troye Sivan|Youth (Karaoke Version)|csI7n4NKpmE|Troye Sivan - Youth (Karaoke Version)-csI7n4NKpmE.mkv
Twenty One Pilots|Lane Boy (Karaoke Version)|Re_NSs2GqZY|Twenty One Pilots - Lane Boy (Karaoke Version)-Re_NSs2GqZY.webm
Twin Melody|It Was Beautiful (Official Karaoke Version)|ADUDAWRM0Dk|Twin Melody - It Was Beautiful (Official Karaoke Version)-ADUDAWRM0Dk.webm
WSTRN|In2 (Karaoke Version)|zj2vI9EASdo|WSTRN - In2 (Karaoke Version)-zj2vI9EASdo.mkv
Wham!|Last Christmas (Single Edit) (Karaoke Version)|kaBRnhxPLdE|Wham! - Last Christmas (Single Edit) (Karaoke Version)-kaBRnhxPLdE.mkv
Wheatus|Teenage Dirtbag (Karaoke Version)|jbK7Ps-7Gfc|Wheatus - Teenage Dirtbag (Karaoke Version)-jbK7Ps-7Gfc.mkv
Whitney Houston|How Will I Know (Karaoke Version)|Mq9IidEy4So|Whitney Houston - How Will I Know (Karaoke Version)-Mq9IidEy4So.webm
Whitney Houston|I Wanna Dance With Somebody (Who Loves Me) (Karaoke Version)|st-yPBxRVPM|Whitney Houston - I Wanna Dance With Somebody (Who Loves Me) (Karaoke Version)-st-yPBxRVPM.mkv
Whitney Houston|My Love Is Your Love (Karaoke Version)|bZm-Aza8fN4|Whitney Houston - My Love Is Your Love (Karaoke Version)-bZm-Aza8fN4.mkv
Who Is Fancy ft. Ariana Grande & Meghan Trainor|Boys Like You (Karaoke Version)|ZpK5dZgoC14|Who Is Fancy ft. Ariana Grande & Meghan Trainor - Boys Like You (Karaoke Version)-ZpK5dZgoC14.mkv
Wicked|Defying Gravity (Karaoke Version)|_ce778S_3iI|Wicked - Defying Gravity (Karaoke Version)-_ce778S_3iI.mkv
X Ambassadors|Renegades (Karaoke Version)|e314BoqPb0c|X Ambassadors - Renegades (Karaoke Version)-e314BoqPb0c.mkv
X Ambassadors|Unsteady (Karaoke Version)|fkoOKFgiNXQ|X Ambassadors - Unsteady (Karaoke Version)-fkoOKFgiNXQ.webm
Years & Years ft. Tove Lo|Desire (Karaoke Version)|rMHGzmw3fSc|Years & Years ft. Tove Lo - Desire (Karaoke Version)-rMHGzmw3fSc.mkv
ZAYN & Taylor Swift|I Don't Wanna Live Forever (Karaoke Version)|xz9biBoDpGs|ZAYN & Taylor Swift - I Don't Wanna Live Forever (Karaoke Version)-xz9biBoDpGs.webm
ZAYN|BeFoUr (Karaoke Version)|QBrDvR0EE1E|ZAYN - BeFoUr (Karaoke Version)-QBrDvR0EE1E.mkv
ZAYN|LIKE I WOULD (Karaoke Version)|oAFTlrdr9RI|ZAYN - LIKE I WOULD (Karaoke Version)-oAFTlrdr9RI.mkv
ZAYN|PILLOWTALK (Karaoke Version)|rFsxIsoN23w|ZAYN - PILLOWTALK (Karaoke Version)-rFsxIsoN23w.mkv
ZAYN|iT's YoU (Karaoke Version)|ImAt_CFLcgc|ZAYN - iT's YoU (Karaoke Version)-ImAt_CFLcgc.mkv
Zara Larsson|Ain't My Fault (Karaoke Version)|dZHQRpj7CQI|Zara Larsson - Ain't My Fault (Karaoke Version)-dZHQRpj7CQI.webm
Zara Larsson|I Would Like (Karaoke Version)|aGD_FUZmM9E|Zara Larsson - I Would Like (Karaoke Version)-aGD_FUZmM9E.webm
Zara Larsson|She's Not Me (Pt. 1 and 2) (Karaoke Version)|ypOsRYE66FM|Zara Larsson - She's Not Me (Pt. 1 and 2) (Karaoke Version)-ypOsRYE66FM.mkv
Zedd, Kesha|True Colors (Karaoke Version)|uBRuA20sX_s|Zedd, Kesha - True Colors (Karaoke Version)-uBRuA20sX_s.mkv
Zella Day|East Of Eden (Karaoke Version)|vc0rxHPxuek|Zella Day - East Of Eden (Karaoke Version)-vc0rxHPxuek.mkv
Zendaya|Neverland (Karaoke Version)|YkcrN24JyKk|Zendaya - Neverland (Karaoke Version)-YkcrN24JyKk.mkv
twenty one pilots|Car Radio (Karaoke Version)|w0ZoSRQ5xSg|twenty one pilots - Car Radio (Karaoke Version)-w0ZoSRQ5xSg.mkv
twenty one pilots|Heathens (from Suicide Squad) (Karaoke Version)|hYMHaamhiKU|twenty one pilots - Heathens (from Suicide Squad) (Karaoke Version)-hYMHaamhiKU.mkv
twenty one pilots|Migraine (Karaoke Version)|1wCF8bRsFfo|twenty one pilots - Migraine (Karaoke Version)-1wCF8bRsFfo.mkv
twenty one pilots|Ride (Karaoke Version)|muSbrUYiqrI|twenty one pilots - Ride (Karaoke Version)-muSbrUYiqrI.webm
twenty one pilots|Tear In My Heart (Karaoke Version)|F4EHViOQ8Cw|twenty one pilots - Tear In My Heart (Karaoke Version)-F4EHViOQ8Cw.webm
